pre_std,post_std,post_range,transition_vigor,subject
0.017113827011901037,0.09196393618061534,0.5851645337534467,0.0748501091687143,501
0.022062345894842426,0.3017882274990611,2.0017765631515774,0.2797258816042187,504
0.10801842213425604,0.26585785139980594,1.5472074671178933,0.1578394292655499,507
0.057888101788374245,0.2596723609361725,2.0636279770368757,0.20178425914779827,508
0.01282816798444098,0.2675876031271732,1.899824547959009,0.25475943514273225,509
0.00805710290102405,0.2719080283323432,2.1959042835616165,0.2638509254313191,511
0.012610196206191979,0.6014749723612018,3.026969271954605,0.5888647761550099,517
